0,-0.063653,0.035009,0.12734,0.0038956,-0.058722,0.028034,0.021093,0.17427,-0.0737,0.096602,-0.014782,-0.15409,-0.056377,0.11002,0.1632,-0.19878,-0.11016,0.0051352,0.23128,-0.012525,0.0075518,0.011149,0.041473,0.057336,-0.081685,0.13611,0.061641,0.16847,0.019922,0.080017,-0.036007,-0.014542,0.057665,0.11896,-0.067896,0.040366,-0.032639,0.033464,0.024044,0.10125,0.071973,-0.0088613,0.14122,-0.078355,-0.085681,0.13457,0.14474,-0.011071,0.14238,0.013919,-0.091005,0.038717,0.12997,0.035071,-0.0063075,0.28806,0.015655,-0.14797,0.03019,0.02451,-0.0063966
-0.021718,0,0.018964,0.15457,0.031548,-0.094182,0.023042,0.077594,0.044071,-0.054477,0.034268,0.13251,-0.17494,0.027365,0.1375,0.19478,-0.080236,-0.055154,0.1834,0.288,0.039745,-0.093752,-0.024971,0.13821,0.084587,-0.059305,0.13947,0.02903,0.15865,0.043065,0.1377,-0.014485,-0.048799,0.093067,0.089051,-0.1002,-0.027131,0.06733,0.10941,-0.0064914,0.098745,-0.031736,0.034568,0.24164,0.081962,0.077019,0.21541,0.13737,-0.10974,0.20841,0.069604,-0.1121,-0.068373,0.04655,0.015256,0.03553,0.08593,0.22499,-0.21055,0.045392,-0.078948,0.025433
-0.18591,-0.12269,0,0.070281,0.060447,-0.093631,-0.0058256,-0.01825,0.021971,-0.1219,-0.011085,0.0079767,-0.22193,0.061571,0.053948,0.041647,-0.081796,-0.098175,0.16633,0.19922,0.064984,-0.1705,0.018841,0.044054,0.047936,0.077362,0.10694,0.019842,0.18521,0.21609,0.025805,-0.059858,-0.034919,0.044276,0.079944,-0.15575,-0.03059,0.019686,0.029166,-0.038495,-0.020198,-0.12864,0.0022537,0.096131,-0.02589,0.059342,0.11867,0.10469,-0.061837,0.26605,-0.0031402,0.080588,-0.085636,0.072594,0.076991,0.2028,0.096123,0.078222,-0.23337,0.018692,-0.088497,0.19219
-0.27192,-0.28263,-0.20663,0,-0.068408,-0.018773,-0.01464,-0.18374,0.056096,0.15501,0.24443,-0.16532,-0.038819,0.056481,0.19435,0.2031,-0.041501,0.0017599,-0.12037,0.14206,0.056084,0.18767,-0.11376,-0.085999,-0.10456,0.12712,0.028205,0.1372,0.10556,0.042275,-0.23888,-0.22792,-0.15819,-0.18642,-0.16252,-0.038352,0.07841,-0.1477,0.023674,0.21665,0.095027,0.0031799,0.11353,0.23437,0.13154,-0.24098,0.18299,0.046765,0.059277,-0.17263,-0.10232,-0.089563,0.17927,0.12637,0.033624,0.046024,0.077685,-0.081128,-0.078742,0.21522,0.15661,0.037402
-0.15248,-0.10217,-0.1108,-0.12035,0,-0.064293,-0.10047,-0.12803,-0.24308,-0.0047719,-0.011289,-0.031079,-0.074501,0.093241,-0.045845,-0.076259,0.14493,-0.16552,-0.11855,-0.17442,0.23295,-0.13576,-0.1957,-0.15395,-0.19934,0.22714,-0.10331,-0.094565,-0.042023,0.02785,-0.1219,-0.11639,-0.15452,-0.11343,-0.11011,-0.049818,-0.11088,-0.073519,0.057308,-0.041091,-0.17003,-0.10719,0.031226,-0.0088544,0.11657,-0.11188,-0.19625,-0.16837,-0.17969,-0.17916,-0.23429,0.13735,-0.13276,-0.1664,-0.066281,0.030689,-0.18869,0.063591,-0.12588,0.16319,-0.12514,0.037098
-0.20338,-0.22217,-0.20958,-0.084187,-0.0069657,0,-0.020747,0.0066357,-0.26035,0.10131,-0.10914,0.036294,-0.064827,0.085351,-0.093005,-0.1339,0.27713,-0.12415,0.035328,-0.16517,0.21518,-0.17901,-0.19824,0.033481,-0.17066,0.13156,-0.11965,-0.14163,-0.16399,-0.022788,-0.075343,-0.14943,-0.12919,-0.096274,-0.1706,0.047483,-0.019648,-0.021548,0.016475,0.089828,-0.082797,-0.057059,0.036949,-0.059188,0.15203,0.064707,-0.031563,-0.19518,-0.16142,-0.075717,-0.17877,0.14019,-0.17156,-0.25348,-0.052226,-0.019189,-0.14902,0.16015,-0.024161,0.29223,-0.16553,-0.011488
-0.28233,-0.29039,-0.31357,-0.23966,-0.12625,-0.091621,0,-0.14112,-0.19859,-0.028097,-0.19847,-0.060738,-0.036055,-0.12247,-0.21959,-0.2454,0.23892,-0.21282,-0.07346,-0.24846,0.075785,-0.18368,-0.26867,-0.039979,-0.14653,0.0028534,-0.20158,-0.17045,-0.20463,-0.069694,-0.2373,-0.209,-0.17928,-0.28701,-0.22107,-0.044101,-0.066916,-0.17476,-0.13616,-0.011642,-0.094868,-0.10183,-0.089404,-0.22387,0.091658,-0.11918,-0.065432,-0.20383,-0.20706,-0.10064,-0.12126,0.0067185,-0.20902,-0.27296,-0.061179,-0.063183,-0.11253,-0.022899,0.036342,0.23602,-0.21097,-0.066195
-0.14564,-0.15977,-0.090553,-0.14166,-0.033229,-0.073703,0.0099204,0,-0.060459,-0.088853,-0.0030734,0.02997,0.10877,-0.12969,-0.1954,-0.018096,0.17104,0.011916,-0.11603,-0.028578,0.21954,-0.10078,0.058296,-0.033247,-0.043581,0.031761,-0.051572,-0.20506,-0.15456,0.01941,-0.1599,-0.14274,-0.066428,-0.11892,-0.0045727,-0.077039,-0.030661,-0.005559,-0.11522,-0.067277,-0.058198,-0.00099202,-0.03152,-0.11254,0.16118,-0.03076,-0.15681,0.082621,-0.054868,-0.090672,-0.073421,0.074925,-0.12178,-0.11096,-0.0090262,0.0076954,0.0026722,-0.058568,0.014889,0.086081,-0.11616,0.0099161
-0.18671,-0.087944,-0.11565,-0.098322,0.062172,-0.076927,-0.07496,-0.18843,0,-0.11522,0.015989,-0.12524,0.039049,0.029846,-0.10593,0.070993,0.026726,-0.068458,-0.1287,-0.01149,0.21123,-0.10677,-0.064224,-0.1003,0.042469,0.12865,0.026698,-0.013483,-0.052247,0.051794,-0.1311,-0.082394,-0.066252,-0.13167,-0.005837,-0.046106,-0.05993,-0.07353,0.037395,-0.12509,-0.10831,-0.021361,-0.11174,0.011911,0.089402,-0.20882,-0.12745,0.12935,-0.067103,-0.061505,0.043201,0.13836,-0.0078753,0.10392,0.071884,0.047325,-0.019223,-0.038227,-0.16631,0.030658,-0.0064251,0.061146
-0.023469,-0.0046459,-0.026807,0.078785,0.05809,-0.043992,-0.040602,0.10195,-0.017737,0,-0.09328,0.0018316,-0.10961,0.086326,-0.011581,-0.066512,0.031751,-0.14322,0.11832,0.033988,0.1617,-0.15383,-0.11182,0.062437,0.007845,0.13911,0.029568,-0.13423,-0.097532,0.01432,0.093888,0.0087817,-0.032211,0.101,0.036886,-0.028362,-0.075143,0.05486,-0.059923,-0.04845,-0.11462,-0.14308,-0.0052423,-0.027808,-0.060121,0.085307,0.055204,0.011878,-0.11736,0.15055,-0.045262,0.20097,-0.16466,-0.14133,0.050746,0.015049,-0.059474,0.19502,-0.0659,0.24702,-0.156,0.031939
-0.11706,-0.17605,-0.1227,0.01131,-0.072731,-0.023055,0.051179,0.1106,-0.064027,0.0060981,0,0.043226,0.12302,-0.079968,-0.12381,-0.19314,0.064573,-0.058308,-0.036428,-0.13821,0.043183,-0.059846,-0.099048,0.085496,-0.020072,0.0023913,-0.037868,-0.16177,-0.22205,-0.12694,0.028472,-0.077212,-0.056281,0.015862,-0.017091,0.041899,-0.00061871,0.016036,-0.13542,-0.039735,-0.044752,-0.056679,-0.050888,-0.15704,0.036744,-0.028348,0.072814,-0.11896,-0.047499,-0.03669,-0.051482,0.10036,-0.10059,-0.19723,0.040617,-0.11941,-0.023206,0.086754,0.23043,0.28133,-0.10034,-0.11593
-0.10101,-0.093782,-0.082234,-0.082403,-0.11562,-0.16424,-0.15226,-0.057479,-0.17749,-0.16422,-0.23781,0,0.072442,-0.025612,-0.14135,-0.20115,0.29145,-0.10412,0.11995,-0.1574,0.15089,-0.23917,-0.036745,0.0058487,-0.1394,0.10886,-0.12196,-0.14586,-0.10444,0.027258,-0.081622,-0.15192,-0.13874,-0.1264,-0.0107,-0.14076,-0.22135,-0.060816,-0.10618,-0.11825,-0.22668,0.0090051,-0.0053731,-0.16841,0.0086426,0.030663,-0.14493,-0.13315,-0.18615,-0.037534,-0.13423,0.099993,-0.18896,-0.19244,-0.054008,0.011591,0.023153,0.069031,0.013144,0.074081,-0.19234,0.013643
0.10059,0.10057,0.1519,0.16179,0.12175,0.10994,0.073992,0.21938,0.26327,0.021091,0.048329,0.1399,0,0.01664,-0.040649,0.034515,-0.15421,0.23716,0.020586,0.037678,0.040869,0.12769,0.21531,0.11642,0.066272,-0.046973,0.12989,0.1028,0.012393,0.0007112,0.16376,0.064703,0.16062,0.16168,0.098806,0.12304,0.091591,0.15392,0.069289,0.12127,0.067198,0.11952,-0.070741,0.046747,0.020259,0.080642,0.089405,0.01219,0.2397,0.093617,0.068954,0.038643,0.21289,0.17925,0.068139,-0.014114,0.11975,0.034163,0.17682,0.045739,0.21059,-0.017594
0.058095,0.12977,-0.0027254,0.060994,0.025496,-0.085107,-0.038128,-0.057823,0.13949,-0.22942,-0.075236,-0.1901,-0.10296,0,-0.064426,-0.010432,-0.20581,-0.14412,0.029276,0.10303,0.07193,-0.14552,-0.026648,0.039226,0.1576,-0.011074,0.080662,-0.1312,-0.024873,-0.0052424,0.060493,0.089454,0.016583,0.076062,0.14682,-0.098714,-0.051515,-0.081089,-0.13753,-0.18737,-0.085045,-0.15525,-0.19497,-0.095733,-0.24371,-0.050906,-0.0088259,0.22844,-0.063299,0.28406,0.12303,0.11831,-0.15077,-0.010306,0.0788,-0.013975,0.052085,-0.14034,-0.20164,-0.037898,-0.13965,0.0098486
0.062992,-0.015402,0.080949,0.21247,0.09013,0.11188,0.10933,0.31739,0.16096,0.018561,-0.035427,0.19093,0.14131,0.0010706,0,-0.098728,-0.069526,0.1202,0.062399,0.030157,0.066007,0.049382,0.059451,0.22725,0.14684,0.013114,0.11549,-0.088104,-0.1786,-0.095113,0.2409,0.11447,0.095823,0.20665,0.12487,0.19379,0.058508,0.23172,-0.075936,0.015081,-0.0092212,0.054662,-0.017034,-0.081941,0.011346,0.14994,0.18692,0.027485,0.069605,0.12853,0.11696,0.18347,0.003344,-0.045291,0.18085,-0.090522,0.067619,0.26686,0.23278,0.23785,-0.00040462,-0.075052
0.010692,0.0039563,0.044583,0.13504,-0.063626,-0.071731,-0.012683,0.1775,0.10402,-0.14537,-0.08132,0.14264,0.021602,-0.13106,-0.095494,0,-0.010977,-0.039531,0.067297,-0.018469,0.051555,-0.094056,0.11218,0.18409,0.052607,-0.0098515,0.1316,-0.012832,-0.0067177,0.011537,0.13445,-0.017057,0.035648,0.085388,0.098703,-0.033369,-0.05285,0.12053,-0.13641,-0.04817,-0.057188,0.045441,-0.10672,-0.087786,-0.026224,-0.0034563,0.072896,-0.039846,-0.0060032,0.092281,0.043634,0.10466,-0.04242,0.023071,0.11073,-0.0095939,0.21635,0.070301,0.090273,0.1228,-0.048865,-0.0093494
-0.012072,-0.038267,-0.025096,0.14365,-0.029262,-0.04216,-0.13204,0.12136,0.041469,-0.089459,-0.061262,0.037454,0.03032,-0.043161,-0.081033,0.085285,0,-0.030293,0.085037,0.048937,0.11453,-0.14514,0.016779,0.15723,-0.029312,-0.049814,-0.12693,-0.24285,-0.17946,-0.11203,0.14046,-0.022387,-0.075709,0.098493,0.0065329,-0.019208,-0.14046,0.028183,-0.036879,-0.0014143,-0.1292,0.039529,0.018623,0.024407,0.071467,0.13221,0.029582,0.075335,-0.066483,0.013275,-0.0090909,0.057087,-0.18601,-0.15928,-0.12976,-0.11769,-0.0076265,0.10105,0.095941,0.028682,-0.17137,-0.1148
0.019935,-0.033493,-0.099728,0.17011,-0.0032294,-0.046997,-0.04801,0.15903,0.21621,-0.19675,-0.1578,0.0070677,-0.040763,-0.020156,0.03802,-0.10106,-0.19487,0,0.2351,0.15346,-0.065342,-0.064227,0.061675,0.20861,0.079982,-0.056436,0.014199,-0.079843,-0.045277,-0.0080215,0.17357,0.054065,0.044704,0.054934,0.12568,-0.0035692,-0.044722,0.054942,-0.15808,-0.040672,-0.1669,0.037456,-0.022679,0.0069159,-0.18143,0.10519,0.23691,0.052176,0.023457,0.3284,0.068038,-0.055322,-0.1236,-0.080859,0.049496,-0.012393,0.16152,0.13389,0.10187,0.09261,-0.12907,-0.01839
0.13494,0.07137,0.13311,0.13423,0.17275,-0.0021171,-0.073917,0.10461,0.24201,0.0099661,0.041366,0.079002,0.097499,0.060741,0.11898,0.080765,-0.32363,-0.0033052,0,0.19438,-0.019428,-0.00071402,0.038967,0.22073,0.21128,-0.050274,0.19044,-0.0030397,0.0081936,0.0044673,0.14731,0.16843,0.029495,0.15028,0.14306,0.059897,-0.039558,0.061546,0.11628,0.082448,0.015509,-0.021061,0.13758,0.12833,-0.010241,0.14079,0.25916,0.13059,-0.026771,0.29261,0.20405,0.079779,0.011202,0.16858,0.2139,-0.0029013,0.097517,0.18072,-0.025289,-0.00025601,-0.0015196,0.014571
0.055903,0.02369,0.11825,0.24739,0.12003,0.13119,0.13211,0.35904,0.28167,-0.0033863,0.011439,0.19546,0.10341,0.066037,0.016673,-0.026728,-0.19982,0.13422,0.12262,0,-0.036105,0.090577,0.22063,0.21471,0.17866,-0.019713,0.26881,0.10315,0.041061,0.04573,0.24726,0.12668,0.20132,0.22527,0.15996,0.16402,0.12268,0.3186,-0.026634,0.10928,0.077051,0.073523,0.04872,0.011274,-0.019316,0.18186,0.24334,-0.00083837,0.19472,0.17916,0.17718,0.1099,0.16851,0.22104,0.28048,0.036375,0.26848,0.23952,0.15193,0.088681,0.1533,0.031327
-0.033399,0.022093,-0.050028,0.077508,0.00079924,-0.064132,-0.1004,0.059276,0.05923,-0.29439,-0.13041,-0.07191,-0.15019,-0.082535,0.0066355,0.042247,-0.11924,-0.026756,0.11938,0.18779,0,0.0074299,0.049884,0.051389,0.049812,-0.0070878,0.14659,0.039083,0.11812,0.038133,0.04691,0.075941,-0.029246,0.026623,0.059445,-0.046522,-0.10615,-0.05687,-0.16503,-0.071466,-0.072133,-0.066586,-0.11189,0.017915,-0.19133,-0.062115,0.144,0.097978,0.064798,0.21686,0.03851,0.013759,0.0039768,0.090918,0.11364,0.027598,0.077982,0.014302,-0.095293,-0.036839,0.0035699,0.036123
-0.062589,-0.18394,-0.1052,0.070927,-0.14331,-0.082416,-0.047454,0.090532,-0.085632,-0.065458,-0.09888,0.12289,0.072632,0.043362,-0.013601,-0.10763,0.12967,0.03833,0.095416,-0.075484,-0.015235,0,-0.041674,0.19371,-0.1275,0.0031464,-0.12101,-0.12866,-0.19558,-0.1181,0.088584,-0.14069,-0.10706,-0.04162,-0.031191,-0.061938,-0.097393,0.052281,-0.11195,0.028382,-0.19722,0.053177,0.07509,0.037762,0.05533,0.092841,0.11447,-0.19625,-0.11967,-0.027587,-0.12311,-0.061159,-0.14955,-0.2532,-0.064262,-0.10896,-0.0062921,0.25482,0.16746,0.18243,-0.1633,-0.12339
-0.072499,-0.0082897,-0.080488,-0.047749,0.0088139,-0.052815,-0.084033,-0.073046,-0.01409,-0.11165,-0.081442,-0.064592,-0.16835,0.011824,-0.048274,0.042187,-0.011041,-0.12576,0.099373,0.072339,0.11906,-0.19148,0,0.041464,0.0035903,0.15163,-0.031174,-0.052114,0.044706,0.19766,-0.053432,-0.021492,-0.087111,-0.09265,0.0075731,-0.1114,-0.050245,-0.087253,0.060267,0.060783,0.019135,-0.10981,-0.02541,-0.040292,0.003018,0.0030112,0.01847,0.078384,-0.10592,0.13731,-0.011413,0.10836,-0.16797,-0.061875,0.02365,0.19882,-0.0016847,-0.0052748,-0.1098,0.1381,-0.17348,0.18785
-0.11702,-0.14699,-0.092768,-0.13304,0.038117,-0.064295,0.013506,-0.06263,0.13193,-0.10026,-0.046106,-0.078912,-0.064652,-0.092123,-0.091167,-0.1123,-0.21937,-0.071984,-0.11506,-0.061992,-0.11771,-0.013036,-0.023808,0,0.018641,-0.0409,0.010124,0.00012107,0.035673,0.074393,-0.16926,0.016298,-0.020941,-0.094729,-0.08156,-0.016161,0.028475,-0.068408,-0.17192,-0.074231,0.076474,0.01344,-0.036029,-0.11721,0.021394,-0.073532,0.00026348,-0.031877,0.035054,0.029387,0.040776,-0.07087,0.038365,0.048722,0.098366,0.068833,0.12804,-0.24478,-0.067748,-0.086034,0.022372,0.064499
-0.18687,-0.15635,-0.10727,0.068809,-0.052137,-0.018262,0.10158,-0.014956,0.11662,-0.030093,0.022753,-0.11625,-0.13282,0.044049,0.036752,-0.0028203,-0.077154,0.052019,0.068866,0.079953,-0.14146,0.020591,0.03639,0.072465,0,-0.088958,0.091482,0.1272,0.12023,0.046688,0.022245,-0.14437,-0.0048706,0.016124,-0.047807,-0.08601,0.082326,0.033817,-0.0080245,0.020629,0.036791,0.038873,-0.057624,0.0679,-0.044226,-0.069106,0.11234,-0.014476,0.093048,0.034108,0.03569,-0.080227,0.13487,0.15142,0.10891,0.038964,0.18952,-0.030111,-0.11509,-0.16029,0.11676,0.023758
0.02175,0.0021431,-0.095212,-0.046487,0.09408,0.036967,-0.095286,-0.076998,0.07823,-0.1426,-0.081784,-0.21263,-0.064511,-0.12248,-0.035218,-0.075622,-0.25484,-0.084915,-0.035122,0.032506,0.03421,-0.038323,-0.1565,-0.09011,0.081717,0,0.0065629,-0.051201,-0.018936,-0.016958,-0.020018,0.14376,-0.017644,-0.044864,0.032264,0.073328,-0.037896,-0.13782,-0.046853,-0.057429,-0.14037,-0.16868,-0.093237,-0.092184,-0.17139,-0.098877,-0.0014088,0.07283,-0.073961,0.10839,0.053456,0.089338,-0.13377,-0.057659,0.12021,-0.012847,-0.062793,-0.13204,-0.033559,0.063986,-0.14104,0.006991
-0.248,-0.17023,-0.16775,-0.14028,-0.12331,-0.22317,-0.11374,-0.13909,-0.17129,-0.12884,-0.23104,-0.064204,-0.076357,-0.16621,-0.25969,-0.16411,0.095465,-0.14762,-0.054596,-0.15104,0.16091,-0.27632,-0.13495,-0.069294,-0.090899,-0.0069642,0,-0.19756,-0.11402,0.022729,-0.18155,-0.23486,-0.20734,-0.099536,-0.1703,-0.26091,-0.17234,-0.093528,-0.077668,-0.16151,-0.09621,-0.13663,-0.16394,-0.19419,0.1352,-0.070539,-0.20034,-0.050529,-0.17262,-0.092754,-0.079506,0.13337,-0.21125,-0.16817,-0.061524,0.0094483,-0.058161,-0.13628,-0.15441,0.0085535,-0.20412,0.0075232
0.0075384,-0.07022,-0.063507,-0.056747,-0.1257,-0.10567,-0.031872,-0.10116,-0.045553,-0.14298,-0.14889,-0.058015,0.13375,-0.17163,-0.21475,-0.17672,0.047464,-0.13956,-0.13221,-0.1984,0.13109,-0.12537,-0.13354,-0.045136,-0.039711,0.0063367,-0.091558,0,-0.22053,-0.14066,-0.032017,-0.10831,-0.11135,-0.12477,0.062513,-0.079887,-0.094398,-0.093697,-0.17083,-0.13197,-0.13313,-0.060608,-0.12816,-0.21717,-0.0088584,-0.15685,-0.10486,-0.075132,-0.16525,-0.12957,-0.040577,0.033773,-0.17371,-0.18435,-0.032485,-0.14695,0.016801,-0.040031,0.1974,0.23686,-0.18098,-0.13987
-0.07303,-0.13358,-0.095166,-0.1719,-0.12726,-0.16863,-0.097994,-0.12721,-0.13126,-0.10462,-0.14469,-0.028661,0.16411,-0.19395,-0.20699,-0.17375,0.048509,-0.12564,-0.21494,-0.21226,0.15399,-0.10365,-0.17979,-0.096544,-0.1,0.034789,-0.1368,-0.25108,0,-0.14367,-0.16496,-0.15252,-0.19567,-0.18017,-0.021097,-0.11422,-0.14906,-0.10964,-0.15376,-0.17161,-0.18546,-0.12848,-0.098554,-0.20689,0.10152,-0.17101,-0.14384,-0.11667,-0.20608,-0.2318,-0.085889,-0.011386,-0.204,-0.24467,-0.062728,-0.14745,-0.084855,-0.029336,0.15657,0.22823,-0.21085,-0.14249
-0.09837,-0.084575,-0.17714,-0.17768,0.061763,-0.052092,-0.10149,-0.11674,-0.033009,-0.10561,-0.15752,-0.10478,0.053726,-0.12147,-0.15408,-0.23138,-0.14047,-0.14625,-0.13017,-0.17216,0.14454,-0.090312,-0.26753,-0.15775,0.041924,0.11741,-0.045797,-0.13047,-0.11771,0,-0.16883,0.029374,-0.1299,-0.17256,-0.011191,0.031062,-0.075494,-0.11037,-0.025898,-0.14098,-0.19119,-0.18113,-0.11437,-0.25878,-0.091167,-0.17367,-0.10732,-0.076758,-0.16387,-0.016441,0.031299,0.11622,-0.19757,-0.14606,0.1353,-0.0093157,-0.065768,-0.042012,-0.02111,0.1722,-0.20784,-0.0018625
-0.27929,-0.30023,-0.21457,-0.22357,-0.082384,-0.023569,-0.0083811,-0.2084,0.049594,0.14717,0.24664,-0.16078,-0.045518,0.041986,0.17392,0.19622,-0.036851,-0.0078904,-0.15015,0.087583,0.060666,0.18911,-0.13552,-0.11271,-0.13446,0.12438,0.007894,0.13794,0.11139,0.050771,0,-0.23816,-0.16903,-0.20848,-0.18643,-0.047518,0.082585,-0.16892,0.0080239,0.2086,0.10703,0.0096583,0.097035,0.21468,0.14435,-0.26112,0.14451,0.0069126,0.049246,-0.21114,-0.12952,-0.097896,0.16716,0.11099,0.019425,0.054197,0.072032,-0.12057,-0.063714,0.2129,0.14808,0.044054
-0.1711,-0.16414,-0.20495,-0.11204,0.054956,-0.080654,-0.13028,-0.18032,-0.12977,-0.018041,-0.090601,-0.097076,-0.14343,0.053731,-0.052649,-0.067579,-0.003791,-0.2393,-0.06338,-0.15615,0.17021,-0.16526,-0.25326,-0.18757,-0.17515,0.2285,-0.076309,-0.015486,0.11354,0.13788,-0.12897,0,-0.14789,-0.19589,-0.12881,-0.05184,-0.10956,-0.14306,0.080638,0.028456,-0.084135,-0.086642,-0.009409,-0.014703,0.005717,-0.15836,-0.21576,-0.20662,-0.21718,-0.08377,-0.1876,0.074738,-0.12631,-0.074912,-0.018409,0.12293,0.045288,-0.021522,-0.21753,0.11198,-0.12829,0.12469
-0.21081,-0.25834,-0.2288,-0.050131,-0.073176,-0.18372,-0.12385,-0.12438,-0.030971,-0.088967,-0.14202,-0.040128,-0.1407,-0.060559,-0.072983,-0.099506,0.014643,-0.20435,0.034927,-0.031511,0.0084806,-0.26431,-0.23035,0.034348,-0.054993,-0.11898,-0.11742,-0.16804,-0.07909,-0.041981,-0.063467,-0.16297,0,-0.16327,-0.086164,-0.15424,-0.12811,-0.13794,0.0038867,-0.039753,-0.081373,-0.036244,-0.027701,-0.024415,0.018807,-0.0049999,0.03344,-0.045523,-0.28402,0.12948,-0.059484,-0.083644,-0.24945,-0.17369,-0.069761,-0.046445,-0.0037854,0.090014,-0.14056,0.054923,-0.25998,-0.053933
-0.1461,-0.07844,0.02139,0.0056853,0.023276,0.063818,0.1216,0.07876,0.020494,0.10558,0.1663,0.0084955,-0.058724,0.17882,0.12958,0.060899,-0.010365,0.10359,0.065192,0.20258,0.0018572,0.092359,0.16321,0.058717,0.022088,0.16338,0.12663,0.11474,0.16794,0.21431,-0.03275,-0.050306,0.07778,0,0.08093,0.0041748,0.13266,0.067111,-0.0022367,0.16701,0.093698,0.023318,0.13682,0.11918,0.09949,0.047045,0.14138,0.10132,0.1419,0.055102,-0.021178,0.032362,0.1649,0.1104,0.13263,0.21226,0.080858,0.096266,-0.059324,0.071632,0.13742,0.19458
-0.132,-0.16482,-0.083744,-0.08291,0.0082622,-0.04585,-0.052981,-0.10482,0.083258,-0.038747,0.0131,-0.08019,-0.025513,0.0030046,0.043859,0.053656,-0.036238,-0.11651,-0.10563,0.020458,0.08191,-0.028295,-0.11728,-0.058073,-0.00042834,0.096383,-0.030755,0.059385,0.088101,0.17518,-0.1176,-0.082786,-0.062921,-0.13847,0,-0.0585,-0.040634,-0.056193,-0.050593,0.018089,0.0094119,-0.0082779,0.061791,0.10094,0.16458,-0.16288,0.0048859,0.0070714,-0.070803,-0.1551,0.022079,0.030528,0.075732,0.063974,0.10816,0.15628,0.11719,-0.067734,-0.10961,0.054155,0.055065,0.1567
-0.22779,-0.20502,-0.20474,-0.1172,-0.021247,-0.036286,-0.064731,-0.074426,-0.27678,0.035293,-0.10614,-0.046253,-0.10805,0.077405,-0.10117,-0.19027,0.18766,-0.17453,-0.03245,-0.21206,0.22275,-0.17393,-0.23831,-0.0725,-0.19356,0.20239,-0.12028,-0.16103,-0.1443,0.0099625,-0.12015,-0.16205,-0.17353,-0.11282,-0.17794,0,-0.062451,-0.062722,0.015019,-0.0035689,-0.16866,-0.13056,0.0052619,-0.10587,0.060849,-0.036557,-0.13502,-0.22719,-0.18526,-0.10339,-0.22531,0.165,-0.19478,-0.25196,-0.030924,0.017992,-0.15123,0.09464,-0.092135,0.24105,-0.18969,0.025154
-0.26114,-0.27381,-0.27131,-0.13557,-0.036207,0.039713,0.0030785,0.0099378,-0.19871,0.11382,-0.11448,0.027427,-0.0047602,0.052345,-0.13311,-0.16528,0.31458,-0.13568,0.0097784,-0.2017,0.1547,-0.18989,-0.17912,0.023837,-0.13455,0.097477,-0.12954,-0.15563,-0.19138,-0.0020502,-0.12909,-0.16297,-0.093619,-0.14392,-0.17345,0.069091,0,-0.014798,-0.0056104,0.091077,-0.0766,-0.048997,0.041058,-0.13125,0.14178,0.032006,-0.011651,-0.20501,-0.14235,-0.099297,-0.13296,0.13865,-0.18013,-0.23186,0.016784,0.0090762,-0.12239,0.1633,0.076388,0.29906,-0.17608,0.0075984
-0.13013,-0.095717,-0.17535,-0.15503,-0.078892,-0.22729,-0.18503,-0.11643,-0.1872,-0.19554,-0.25957,-0.030361,0.03577,-0.085568,-0.17354,-0.038904,0.23347,-0.13676,0.058301,-0.012887,0.21278,-0.27661,-0.12557,-0.032866,-0.048933,0.11151,-0.16051,-0.21171,-0.12318,0.08674,-0.14974,-0.14125,-0.17005,-0.18533,-0.032418,-0.21009,-0.28184,0,-0.077935,-0.20408,-0.20193,-0.12359,-0.076891,-0.11286,0.11879,-0.027688,-0.14656,0.021587,-0.24657,-0.051486,-0.03835,0.072259,-0.27582,-0.26128,-0.057389,0.086795,-0.13158,0.039979,-0.12026,0.08547,-0.27356,0.075667
-0.10125,-0.0069764,-0.113,-0.072521,-0.007303,-0.09027,-0.097693,-0.12136,-0.0044248,-0.20764,-0.078669,-0.23304,-0.097458,-0.030923,-0.071347,-0.043771,0.0035547,-0.15795,-0.075327,-0.017355,0.18816,-0.13705,-0.13534,-0.10258,-0.03588,0.16065,-0.043133,-0.13042,-0.06813,0.031441,-0.078414,-0.029452,-0.069867,-0.073366,0.020816,-0.089252,-0.10282,-0.12714,0,-0.16502,-0.16608,-0.16591,-0.11735,-0.10071,-0.14943,-0.13065,-0.097235,0.073895,-0.1054,0.026927,-0.080166,0.15969,-0.16107,-0.11042,0.012292,0.032916,-0.066766,-0.052994,-0.15763,0.11058,-0.15616,0.049762
-0.048965,-0.092156,-0.048574,0.054141,0.019043,0.060723,0.063131,0.16416,-0.076334,-0.0023236,-0.097739,0.068469,0.055124,0.0047892,-0.1098,-0.14057,0.13013,-0.045685,0.0077341,-0.08018,0.13202,-0.092231,-0.079039,0.10931,-0.021524,0.089476,-0.021466,-0.15745,-0.21435,-0.064905,0.078279,-0.021765,0.0036152,0.067676,-0.0025389,0.086414,0.017702,0.076944,-0.10468,0,-0.078471,-0.033513,-0.038713,-0.10882,0.023514,0.065719,0.035691,-0.085901,-0.060596,-0.010989,-0.052104,0.19006,-0.1389,-0.214,0.037276,-0.060476,-0.04697,0.16373,0.17922,0.30794,-0.12742,-0.051111
-0.08842,-0.1434,-0.14299,0.063456,-0.058967,-0.10166,-0.075367,0.11834,3.7269e-06,-0.1067,-0.21686,0.093084,-0.016472,-0.074155,-0.13377,-0.21049,0.083782,-0.15134,0.092922,-0.12069,0.049629,-0.21765,-0.067908,0.15094,-0.0034903,-0.059821,-0.014184,-0.096361,-0.08692,-0.019121,0.068014,-0.068073,-0.067796,-0.013789,0.014838,-0.031796,-0.11732,0.04178,-0.085191,-0.071098,0,-0.020403,-0.059438,-0.16899,0.049277,0.038221,0.064597,-0.12057,-0.11804,0.067872,-0.0017913,0.058356,-0.15234,-0.134,0.056221,-0.035348,0.090285,0.11947,0.11286,0.1299,-0.16021,-0.031698
0.067592,0.03842,-0.016329,0.16506,0.16662,-0.059503,-0.035606,0.1673,0.34882,-0.22984,-0.088531,0.10331,-0.035988,0.024456,-0.017714,0.043132,-0.18597,0.048172,0.14452,0.16618,0.10867,-0.079503,0.09463,0.21997,0.20794,-0.093085,0.1138,-0.025684,-0.086468,-0.034815,0.17226,0.14027,0.05571,0.11502,0.17199,0.042399,-0.070858,0.13312,-0.075354,-0.18342,-0.104,0,-0.088835,0.064878,0.0099083,0.075361,0.16227,0.22202,0.06227,0.31026,0.21232,0.030777,-0.024653,0.075763,0.090866,-0.044674,0.094487,0.19997,-0.065583,-0.002196,-0.012462,-0.027979
0.11077,0.071834,0.087415,0.16391,0.098929,0.063566,0.091585,0.21034,0.1571,-0.074381,-0.022144,0.053911,0.066847,-0.057279,-0.080233,-0.073668,-0.18118,0.047897,-0.012759,0.060369,0.076059,0.052743,0.060308,0.14844,0.16029,0.038513,0.138,-0.088114,-0.1105,-0.062068,0.18979,0.16225,0.093563,0.1792,0.1745,0.12792,0.040161,0.12361,-0.14737,-0.060567,-0.019573,-0.044764,0,-0.11706,-0.094082,0.047246,0.11681,0.10375,0.054376,0.17562,0.11807,0.18435,-0.031517,-0.0339,0.16444,-0.061576,0.079866,0.089836,0.14409,0.19369,-0.029269,-0.044742
0.050538,0.036499,0.11846,0.25633,0.066282,0.093171,0.12838,0.34854,0.13803,-0.039488,-0.035803,0.21051,0.14865,0.052796,-0.05903,-0.038128,0.029538,0.06641,0.12869,0.044546,0.07062,-0.071751,0.14581,0.23393,0.11253,0.010852,0.18685,-0.01567,-0.07719,0.0064571,0.26764,0.054941,0.15521,0.23385,0.15894,0.1043,0.056408,0.29409,-0.021747,0.053329,0.045611,0.055941,0.0085085,0,0.020738,0.18057,0.1685,-0.0053658,0.064681,0.14825,0.085574,0.20941,0.036959,0.044401,0.18247,-0.0045847,0.1266,0.30778,0.16083,0.19132,0.031051,0.0019432
0.14279,0.11238,0.079412,0.15812,-0.0050886,-0.077341,-0.12006,0.12057,0.0035877,-0.23937,-0.22613,0.067687,-0.054125,-0.18447,-0.092222,-0.098686,0.07773,-0.013845,0.10671,0.069964,0.017739,-0.11477,0.037867,0.17097,0.11929,-0.069971,0.029752,-0.11515,-0.06448,-0.060966,0.14798,0.090466,-0.037217,0.044051,0.19208,0.025186,-0.18878,-0.038089,-0.14423,-0.15364,-0.16798,0.071659,-0.15603,-0.089481,0,0.023448,0.027154,0.10055,-0.064244,0.15897,0.11883,-0.020724,-0.11487,-0.11238,0.013147,-0.08486,0.16316,0.029186,0.010617,-0.0097182,-0.11304,-0.061428
0.085219,0.067246,-0.0057649,0.041882,0.032535,-0.12972,-0.18421,-0.058013,0.09754,-0.22053,-0.057308,-0.1244,-0.078264,-0.052427,-0.037299,0.083756,-0.13709,-0.0086968,0.12239,0.21138,0.10791,-0.059889,0.093819,0.092677,0.11048,0.038077,0.01576,-0.093373,-0.010151,0.026593,0.052384,0.08758,-0.045534,0.0090588,0.15334,-0.079968,-0.15475,-0.10081,-0.061123,-0.13439,-0.17077,-0.091785,-0.041671,-0.037823,-0.053849,0,0.055218,0.25825,-0.0085657,0.28296,0.085444,-0.0055988,-0.13026,0.0047724,0.011161,0.026761,-0.006558,0.00093437,-0.091477,-0.018886,-0.12846,0.045432
0.094263,0.025123,0.12769,0.15992,0.10307,0.080445,0.053924,0.27703,0.21574,0.018164,0.0027224,0.12694,0.1265,-0.0051125,0.050897,-0.044225,-0.24319,0.10426,0.020128,0.086297,-0.13083,0.14316,0.12131,0.1884,0.15566,-0.049572,0.18621,0.045362,-0.0046267,-0.00516,0.16924,0.17217,0.13939,0.1733,0.12041,0.15967,0.04278,0.17327,-0.067404,0.074193,0.066192,-0.014733,0.062138,0.010561,-0.011631,0.1307,0,0.013833,0.14825,0.12298,0.15935,0.025994,0.14678,0.13065,0.24445,-0.0097095,0.13224,0.15173,0.12501,0.056025,0.11574,-0.0071523
0.03927,0.049718,0.073277,0.15988,-0.019813,0.048299,0.14235,0.20409,0.20227,-0.051482,0.073119,0.060457,-0.0097481,-0.02318,0.041667,0.037344,-0.1843,0.13585,0.084417,0.14866,-0.10895,0.17498,0.23675,0.14501,0.10575,-0.043026,0.21849,0.16593,0.14202,0.083425,0.14173,0.020446,0.1744,0.12397,0.081635,0.029458,0.11825,0.16994,-0.10875,0.087044,0.096591,0.046775,-0.02435,0.048068,-0.05241,-0.031175,0.16837,0,0.22212,0.1401,0.12175,-0.019232,0.22671,0.23363,0.17139,0.061192,0.29853,0.020556,0.094922,-0.050369,0.21782,0.057352
-0.049278,-0.084342,-0.095153,0.056379,-0.12895,0.024235,0.02892,0.044907,-0.034597,-0.13081,-0.12966,-0.033126,0.061998,-0.072254,-0.097212,-0.11381,0.1006,0.0037398,0.088447,-0.017547,-0.0009169,-0.067438,0.036552,0.13969,-0.016414,0.041399,-0.080122,-0.14703,-0.16028,0.0055937,0.0693,-0.050387,0.022419,-0.086703,0.077988,-0.022458,0.0043744,-0.030111,-0.19446,0.044406,-0.054756,-0.03382,-0.034802,-0.12142,-0.092336,0.049375,0.08021,-0.019021,0,0.14075,-0.035952,0.041738,-0.12193,-0.18522,0.0051878,0.0034574,0.060749,0.071124,0.20674,0.16743,-0.13315,-0.0048963
-0.13222,-0.074867,-0.068319,-0.03161,-0.034827,-0.070087,-0.016506,0.011182,-0.0069994,-0.14367,-0.1304,-0.060339,-0.077654,-0.084913,-0.19773,-0.018356,0.055675,-0.02889,-0.033167,0.040403,-0.067606,-0.093643,0.12336,0.061045,0.042601,-0.056862,-0.032687,-0.084478,-0.07307,0.041488,-0.065995,-0.086991,0.014312,-0.060025,-0.011081,-0.095372,-0.053405,-0.028404,-0.14489,-0.092358,0.049262,-0.039091,-0.1526,-0.11304,0.026022,0.030676,-0.045976,0.052536,0.090548,0,0.058369,0.028716,0.022127,0.0078128,0.040247,0.039597,0.031902,-0.10762,-0.23888,-0.13785,0.013574,0.022822
-0.13991,-0.13134,-0.083787,0.063637,-0.010507,-0.01736,0.08224,0.066584,0.15061,-0.05577,-0.026464,-0.050238,-0.14594,0.0085264,0.0031133,-0.019926,-0.15387,0.065274,0.025072,0.050591,-0.13381,0.062792,0.066393,0.072112,0.031382,-0.10262,0.094249,0.12062,0.11856,0.053496,0.023039,-0.088011,0.043391,0.044397,-0.051717,-0.045525,0.066227,0.085829,-0.049744,0.025257,0.063868,0.034142,-0.057442,0.011722,-0.0082423,-0.040504,0.1067,-0.025375,0.13343,0.03144,0,-0.085014,0.15348,0.17196,0.1182,0.042095,0.20767,-0.034783,-0.10527,-0.13738,0.13884,0.02696
-0.029137,-0.036027,-0.13686,-0.074792,0.032002,-0.16323,-0.12859,-0.2017,0.12212,-0.2797,-0.13289,-0.27198,-0.14698,-0.19416,-0.090532,-0.037944,-0.25112,-0.19606,-0.066196,0.035279,0.022527,-0.063581,-0.19695,-0.10227,0.096936,0.038035,0.031305,-0.0073966,0.055419,-0.0066829,-0.084987,0.081399,-0.1131,-0.11274,0.052676,-0.10533,-0.10927,-0.22596,-0.10916,-0.22376,-0.09738,-0.16914,-0.17786,-0.11757,-0.22195,-0.22526,-0.0032858,0.099663,-0.12002,0.13988,0.085195,0,-0.11434,0.0076885,0.086299,-0.0027709,0.08303,-0.22149,-0.18289,0.052793,-0.11736,0.0043245
-0.12625,-0.1834,-0.19481,-0.048642,-0.17027,-0.13373,-0.1004,-0.098885,-0.12967,-0.2005,-0.27554,-0.048534,0.099106,-0.044373,-0.23529,-0.22704,0.20609,-0.092207,0.0046442,-0.20122,0.13888,-0.20436,-0.11533,-0.035963,-0.11358,0.1012,-0.20823,-0.23781,-0.28855,-0.074747,-0.033363,-0.1971,-0.14374,-0.18598,-0.027504,-0.13973,-0.17302,-0.10434,-0.15093,-0.12724,-0.21433,-0.036375,-0.091757,-0.213,0.0074202,-0.058025,-0.12132,-0.16998,-0.16851,-0.075705,-0.12228,0.089071,0,-0.24816,-0.054545,-0.070869,-0.036095,0.10485,0.15122,0.21905,-0.21727,-0.08109
-0.1669,-0.071002,-0.1964,-0.10878,-0.19479,-0.15359,-0.045923,-0.13497,-0.14956,-0.2493,-0.30795,-0.12872,-0.0075801,-0.10342,-0.35105,-0.20487,0.17669,-0.14105,-0.038078,-0.20794,0.15207,-0.19743,-0.056142,-0.14998,-0.089517,0.18568,-0.19672,-0.1646,-0.15613,0.079978,-0.11288,-0.19944,-0.064298,-0.18497,-0.074198,-0.23192,-0.12624,-0.11959,-0.22434,-0.16488,-0.057291,-0.17985,-0.24218,-0.33998,-0.050043,-0.17659,-0.24598,-0.10636,-0.056946,-0.075515,-0.088178,0.19801,-0.15294,0,-0.040237,0.081256,-0.014339,-0.10313,0.019084,0.1877,-0.14767,0.060993
-0.2685,-0.22806,-0.28624,-0.23865,-0.089564,-0.19232,-0.15487,-0.30108,-0.11761,-0.11076,-0.18365,-0.20404,-0.084713,-0.089987,-0.16683,-0.1842,0.066522,-0.17009,-0.14469,-0.20466,0.14014,-0.14753,-0.36674,-0.18899,-0.11273,0.14825,-0.21487,-0.1995,-0.12765,-0.015997,-0.26581,-0.19969,-0.28447,-0.21676,-0.18982,-0.14634,-0.15103,-0.21808,-0.014816,-0.22308,-0.19956,-0.050261,-0.17862,-0.20599,-0.010881,-0.20943,-0.17202,-0.10793,-0.24342,-0.20084,-0.10485,0.081881,-0.22654,-0.2437,0,0.00033589,-0.14664,-0.17286,-0.12058,0.12426,-0.22139,-0.0071795
-0.073367,-0.063748,-0.15354,-0.16079,0.065307,-0.060212,-0.096497,-0.11756,-0.029519,-0.11788,-0.16894,-0.11614,0.044391,-0.12146,-0.15875,-0.24791,-0.13983,-0.1516,-0.12253,-0.17777,0.14433,-0.097587,-0.26627,-0.15376,0.045394,0.12762,-0.047574,-0.13174,-0.1166,-0.019123,-0.1507,0.043509,-0.12304,-0.16481,0.0063843,0.026113,-0.08141,-0.11169,-0.033239,-0.16174,-0.19687,-0.18124,-0.11737,-0.27904,-0.10472,-0.17181,-0.1066,-0.074011,-0.17614,-0.010114,0.0342,0.12389,-0.19756,-0.15402,0.12956,0,-0.055903,-0.058507,-0.01733,0.17351,-0.20934,0.0017665
-0.16292,-0.14196,-0.092305,-0.013903,0.062125,-0.0011151,-0.057387,-0.047478,0.1218,0.12489,0.15202,-0.0045215,0.11504,0.20726,0.13787,0.20623,0.010395,0.11477,0.0066897,0.1697,0.14188,0.091446,-0.01343,0.035473,-0.0019441,0.1485,0.085034,0.1083,0.019288,0.033754,-0.025202,-0.14211,-0.079232,-0.029793,-0.026481,0.0092907,-0.012397,0.031819,0.21255,0.18303,0.0063734,0.0090471,0.14689,0.26253,0.24055,-0.07704,0.1447,0.10387,0.042819,-0.069764,-0.0088656,0.08259,0.14033,0.17051,0.058778,0.028922,0,0.14968,0.069003,0.14126,0.14254,0.02819
-0.084967,-0.13364,-0.12471,-0.063682,-0.054809,-0.087731,-0.10895,0.026662,-0.096203,-0.032264,-0.09133,0.027201,0.041353,-0.032843,-0.14858,-0.041897,0.22397,0.0058062,-0.0061695,-0.041934,0.31784,-0.14183,-0.12391,0.017072,-0.10351,0.046199,-0.18434,-0.3096,-0.258,-0.088716,-0.07386,-0.12643,-0.21531,-0.07962,-0.10432,-0.02503,-0.13783,-0.064929,0.038411,-0.050738,-0.13001,0.12822,-0.010979,-0.11244,0.19164,0.062975,-0.067422,0.043538,-0.15739,-0.089554,-0.094076,0.039592,-0.25456,-0.30243,-0.15777,-0.076721,-0.069531,0,0.068827,0.22384,-0.24384,-0.064689
0.1996,0.18352,0.21789,0.25583,0.03861,0.11484,0.13221,0.27738,0.16725,-0.029449,0.028987,0.16374,0.083559,-0.012201,-0.003565,-0.011974,-0.11298,0.17526,0.029445,-0.017035,-0.05732,0.13158,0.19112,0.20816,0.035376,-0.11778,0.11054,0.05232,-0.015769,-0.087927,0.29164,0.11297,0.21,0.1997,0.16029,0.12071,0.089191,0.223,-0.082734,0.13423,0.077237,0.11786,-0.051523,0.028168,-0.079878,0.074317,0.11343,-0.078567,0.16304,0.10707,0.024581,0.033685,0.12751,0.077148,0.023453,-0.10005,0.096886,0.14539,0,0.10379,0.12022,-0.10357
-0.16841,-0.14739,-0.14731,-0.16038,-0.078065,-0.063891,-0.12148,-0.12276,-0.14252,0.032913,-0.011352,-0.068947,-0.034534,0.060287,0.0063276,-0.12931,0.055926,-0.19031,0.014895,-0.11716,-0.063069,-0.15786,-0.22656,-0.13026,-0.19663,0.063672,-0.12803,-0.1669,-0.099511,-0.072923,-0.14954,-0.12972,-0.17198,-0.069276,-0.28779,-0.10185,-0.09481,-0.077679,0.070806,0.027372,-0.1743,-0.096333,0.11741,0.01164,-0.083219,-0.038692,-0.069549,-0.19247,-0.20802,-0.071678,-0.17086,0.088314,-0.24654,-0.20708,-0.10173,-0.056191,-0.20406,-0.04023,-0.090987,0,-0.23139,-0.066533
-0.11745,-0.1739,-0.1776,-0.053707,-0.15783,-0.11967,-0.091512,-0.09579,-0.1218,-0.19969,-0.26312,-0.029489,0.11335,-0.045909,-0.24251,-0.21413,0.19562,-0.078323,-0.01698,-0.2076,0.14307,-0.17197,-0.10979,-0.041855,-0.11716,0.11354,-0.19866,-0.22166,-0.27937,-0.072734,-0.033215,-0.18899,-0.13606,-0.18652,-0.025482,-0.11727,-0.16686,-0.1032,-0.15474,-0.12778,-0.20067,-0.028327,-0.10653,-0.21198,0.028037,-0.067844,-0.13293,-0.17147,-0.15663,-0.090943,-0.12374,0.087087,-0.19432,-0.24494,-0.052977,-0.070453,-0.03888,0.10588,0.17624,0.23281,0,-0.079365
-0.076144,-0.071656,-0.16376,-0.15764,0.069898,-0.057058,-0.093765,-0.10016,-0.028913,-0.11533,-0.16313,-0.093109,0.035034,-0.13353,-0.15373,-0.2264,-0.13734,-0.14997,-0.12842,-0.16228,0.14759,-0.089746,-0.26352,-0.15046,0.046548,0.1139,-0.047079,-0.12761,-0.12432,-0.034541,-0.14553,0.038492,-0.12081,-0.16208,0.0041893,0.036831,-0.078068,-0.098819,-0.041697,-0.15429,-0.18812,-0.19306,-0.12463,-0.25778,-0.10019,-0.16913,-0.098042,-0.068611,-0.16331,-0.010381,0.036724,0.11833,-0.19837,-0.15024,0.12237,-0.022806,-0.061403,-0.032883,-0.035124,0.19508,-0.20659,0
